file,table,step,ramp,sample_name,timestamp,waveform,freq_Hz,amplitude_V,thickness_um,area_mm2,Eapp_kV_cm,Emax+_kV_cm,Emax-_kV_cm,Smax+_%,Smax-_%,Sr_%,S_end_%,Spp_%,Smin_%,E_at_Smin_kV_cm,Ps+_uC_cm2,Ps-_uC_cm2,Pr+_uC_cm2,Pr-_uC_cm2,2Pr_uC_cm2,Ec+_kV_cm,Ec-_kV_cm,d33*_pm_V,instr_Dvmax+_nm,instr_Dvmax-_nm,instr_Pr+_uC_cm2,instr_Vc+_V,instr_status,is_last_at_amplitude
PI152_3_sine.dat,1,1,up,PZT-PIC152-3,10/05/2026 15:07:00,sine,10.0,500.0,1000.0,78.2,5.0,5.027355000000001,-4.973847000000001,0.01972866,-0.01500761,0.004369318485315811,-0.00022168719732951705,0.03477644,-0.015018799999999999,-4.969725,0.767203,-0.767203,0.09210562047249628,-0.08242270891522083,0.17452832938771712,0.4834403594792906,-0.5908749073058751,392.4262360625019,197.287,-150.076,0.0921056,48.834,0.0,True
PI152_3_sine.dat,2,2,up,PZT-PIC152-3,10/05/2026 15:07:25,sine,10.0,600.0,1000.0,78.2,6.000000000000001,6.0399140000000004,-5.984902,0.025068060000000003,-0.01873914,0.005676927491578463,-0.0004332076872188028,0.04394754000000001,-0.018858800000000002,-5.979898,0.9565737,-0.9565737,0.13229999026801814,-0.11222245994728057,0.24452245021529873,0.6344911415296751,-0.813406290926973,415.04001547041895,250.681,-187.391,0.1323,63.6819,0.0,True
PI152_3_sine.dat,3,3,up,PZT-PIC152-3,10/05/2026 15:07:49,sine,10.0,700.0,1000.0,78.2,7.000000000000001,7.029402000000001,-6.981679000000001,0.030737720000000003,-0.025410020000000002,0.0074227921990498,-0.0011169859650491047,0.056209,-0.02544766,-6.977480000000002,1.154956,-1.154956,0.17984446169452928,-0.14510474141862695,0.3249492031131562,0.8078172662967605,-1.0704461397982608,437.2736116102052,307.377,-254.1,0.179844,79.9568,0.0,True
PI152_3_sine.dat,4,4,up,PZT-PIC152-3,10/05/2026 15:08:14,sine,10.0,800.0,1000.0,78.2,8.000000000000002,8.029623,-7.9817480000000005,0.036855759999999994,-0.027025510000000003,0.009765261655213438,-0.0006775306644699711,0.06407304,-0.027089210000000002,-7.964958,1.368287,-1.368287,0.23541573995324555,-0.18606822840286644,0.421483968356112,1.001999151323431,-1.3549005004023364,458.9973900393579,368.558,-270.255,0.235416,99.3014,0.0,True
PI152_3_sine.dat,5,5,up,PZT-PIC152-3,10/05/2026 15:08:39,sine,10.0,900.0,1000.0,78.2,9.0,9.034084,-8.987718000000001,0.0426577,-0.030890300000000002,0.012619516175065975,-0.00029268353916868747,0.0736592,-0.030956479999999998,-8.968800000000002,1.595944,-1.595944,0.29704078608025675,-0.23305745341356546,0.5300982394938222,1.210205013367066,-1.6596640147380461,472.1862227537401,426.577,-308.903,0.297041,121.023,0.0,True
PI152_3_sine.dat,6,6,up,PZT-PIC152-3,10/05/2026 15:09:03,sine,10.0,1000.0,1000.0,78.2,10.0,10.04296,-9.992026,0.05000223,-0.0351646,0.014920248030101434,-0.0003748169388318499,0.08552479,-0.03521841,-9.964772,1.833051,-1.833051,0.3722118604852532,-0.28142296138560274,0.6536348218708559,1.398256745074981,-2.00310179388114,497.8833929439129,500.022,-351.646,0.372212,140.829,0.0,True
PI152_3_sine.dat,7,7,up,PZT-PIC152-3,10/05/2026 15:09:28,sine,10.0,1100.0,1000.0,78.2,11.000000000000002,11.039640000000002,-10.986630000000002,0.05689972,-0.03987853,0.01798412897752168,-0.0004571670437913223,0.09704723999999999,-0.040028949999999994,-10.965180000000002,2.084733,-2.084733,0.45277648403397697,-0.3375041471868277,0.7902806312208046,1.62954458308015,-2.3487947759711187,515.4128214325829,568.997,-398.785,0.452776,162.86,0.0,True
PI152_3_sine.dat,8,8,up,PZT-PIC152-3,10/05/2026 15:09:53,sine,10.0,1200.0,1000.0,78.2,12.000000000000002,12.04166,-11.99175,0.06585066,-0.04287132,0.02222142306242595,0.0002521936110509055,0.10905302,-0.04308789,-11.918130000000003,2.350101,-2.350101,0.5443447158496242,-0.3933848204903318,0.937729536339956,1.83469683375474,-2.7376929840014705,546.8569947997204,658.507,-428.713,0.544345,183.669,0.0,True
PI152_3_sine.dat,9,9,up,PZT-PIC152-3,10/05/2026 15:10:17,sine,10.0,1300.0,1000.0,78.2,13.000000000000002,13.04965,-13.001,0.07251636,-0.04812137,0.02519344850872328,-2.730752056318258e-05,0.12119064000000002,-0.04847068,-12.907500000000002,2.623792,-2.623792,0.6416489187425326,-0.4593861895073414,1.101035108249874,2.0648782790444447,-3.130703894263164,555.6958232596277,725.164,-481.214,0.641649,206.003,0.0,True
PI152_3_sine.dat,10,10,up,PZT-PIC152-3,10/05/2026 15:10:42,sine,10.0,1400.0,1000.0,78.2,14.000000000000002,14.04274,-13.991280000000001,0.08114887,-0.05249474999999999,0.028174052295966878,-0.0003297010563838109,0.13418575,-0.052731600000000003,-13.924780000000002,2.917913,-2.917913,0.7542569606233741,-0.5234266665443196,1.2776836271676937,2.266158393056577,-3.5733398484462264,577.8706292361748,811.489,-524.948,0.754257,226.298,0.0,True
PI152_3_sine.dat,11,11,up,PZT-PIC152-3,10/05/2026 15:11:07,sine,10.0,1500.0,1000.0,78.2,15.000000000000002,15.0523,-15.00262,0.08980983,-0.05804893,0.032056150890747134,-0.0007913443863054334,0.14831247999999997,-0.05827012999999999,-14.894440000000001,3.229699,-3.229699,0.8813731769959029,-0.5977242230389921,1.4790974000348949,2.474071503036788,-4.049540617830215,596.6518738000173,898.098,-580.489,0.881373,248.279,0.0,True
PI152_3_sine.dat,12,12,up,PZT-PIC152-3,10/05/2026 15:11:31,sine,10.0,1600.0,1000.0,78.2,16.000000000000004,16.04418,-15.995310000000002,0.09850122,-0.06316803,0.03693053939508064,7.950409333319197e-05,0.16221132,-0.06350043,-15.926730000000001,3.549958,-3.549958,1.0225772619742497,-0.6849085261714565,1.7074857881457062,2.712736344823033,-4.5575992932106715,613.937390380811,985.012,-631.68,1.02258,271.702,0.0,True
PI152_3_sine.dat,13,13,up,PZT-PIC152-3,10/05/2026 15:11:56,sine,10.0,1700.0,1000.0,78.2,17.0,17.053600000000003,-16.998,0.11020160000000001,-0.06808512,0.04125914344449316,-0.0005232691511820455,0.17901006,-0.06838266,-16.851440000000004,3.90011,-3.90011,1.1871294815756217,-0.7671378657559375,1.9542673473315593,2.9067818360485616,-5.1388614669869055,646.2072524276399,1102.02,-680.851,1.18713,291.663,0.0,True
PI152_3_sine.dat,14,14,up,PZT-PIC152-3,10/05/2026 15:12:21,sine,10.0,1800.0,1000.0,78.2,18.0,18.04822,-17.99023,0.11841030000000001,-0.07208749,0.0463661837860115,-0.00022056692002719197,0.19178924,-0.07290164,-17.902780000000003,4.266548,-4.266548,1.357050710476362,-0.8800873531650201,2.2371380636413822,3.182280107316428,-5.698851907096838,656.0774414318976,1184.1,-720.875,1.35705,317.823,0.0,True
PI152_3_sine.dat,15,15,up,PZT-PIC152-3,10/05/2026 15:12:46,sine,10.0,1900.0,1000.0,78.2,19.0,19.05054,-18.99981,0.1294833,-0.07616287,0.0518359632198865,-0.00040331240683192326,0.20679571000000002,-0.07703431000000001,-18.835060000000002,4.682573,-4.682573,1.5679656447046195,-1.0124305683809283,2.580396213085548,3.447832843764307,-6.384857489450305,679.68309559729,1294.83,-761.629,1.56797,346.253,0.0,True
PI152_3_sine.dat,16,16,up,PZT-PIC152-3,10/05/2026 15:13:10,sine,10.0,2000.0,1000.0,78.2,20.0,20.05032,-19.99879,0.1423068,-0.08095447,0.05849283993260499,-0.00043959051129470613,0.22440127,-0.08173277000000001,-19.861990000000002,5.154465,-5.154465,1.8389760079586277,-1.1755647103001856,3.0145407182588135,3.770931214718971,-7.246802562299798,709.7482733442658,1423.07,-809.545,1.83898,377.561,0.0,True
PI152_3_sine.dat,17,17,up,PZT-PIC152-3,10/05/2026 15:13:35,sine,10.0,2100.0,1000.0,78.2,21.0,21.0566,-21.007579999999997,0.1559012,-0.08280067,0.06784867744424422,0.0011502296811849563,0.2402824,-0.0840169,-20.859569999999998,5.705231,-5.705231,2.1663833977171336,-1.459371605659725,3.6257550033768586,4.304367927353099,-8.226214083361825,740.3911362708128,1559.01,-828.007,2.16638,430.938,0.0,True
PI152_3_sine.dat,18,18,up,PZT-PIC152-3,10/05/2026 15:14:00,sine,10.0,2200.0,1000.0,78.2,22.000000000000004,22.057890000000004,-22.0071,0.1730956,-0.08627108,0.07889780961129639,0.0014452730755197068,0.2613769,-0.0879509,-21.76779,6.423362,-6.423362,2.6588976701655627,-1.939198513398197,4.59809618356376,5.158826766474821,-9.624504272774653,784.7332632450336,1730.96,-862.711,2.6589,516.474,0.0,True
PI152_3_sine.dat,19,19,up,PZT-PIC152-3,10/05/2026 15:14:25,sine,10.0,2300.0,1000.0,78.2,23.000000000000004,23.059800000000003,-23.010520000000003,0.19535049999999998,-0.08469419,0.09494141690158737,0.000629129033599089,0.28218226,-0.08631076000000001,-22.760369999999998,7.506027,-7.506027,3.491842444277803,-3.0346103706829712,6.526452814960774,6.902698527543493,-11.782605773280114,847.1474167165368,1953.51,-846.942,3.49184,690.69,0.0,True
PI152_3_sine.dat,20,20,up,PZT-PIC152-3,10/05/2026 15:14:49,sine,10.0,2400.0,1000.0,78.2,24.000000000000004,24.05949,-24.015410000000003,0.2291693,-0.07162146000000001,0.12097935064599881,0.0012957389018992604,0.30163197999999997,-0.07192058,-23.985430000000004,9.801798,-9.801798,5.4033959826492595,-6.420602008474313,11.823997991123573,11.011084239472066,-15.75962572425682,952.5110465766315,2291.69,-716.215,5.4034,1099.95,0.0,True
PI152_3_sine.dat,21,21,up,PZT-PIC152-3,10/05/2026 15:15:14,sine,10.0,2500.0,1000.0,78.2,25.000000000000004,25.06278,-25.03457,0.23051819999999998,-0.04920655,0.10820591575745256,-0.00858369448604562,0.32330983,-0.08914103,-23.677760000000003,19.02596,-19.02596,13.434318905114708,-22.703351921673445,36.13767082678815,19.899404609119824,-22.340213922867854,919.7630909260664,2305.18,-492.065,13.4343,2004.33,0.0,True
PI152_3_sine.dat,22,22,down,PZT-PIC152-3,10/05/2026 15:15:39,sine,10.0,2400.0,1000.0,78.2,24.000000000000004,28.01169,-24.04842,0.20221469999999997,-0.02914726,0.11711389781574696,-0.0007425759752998156,0.316378,-0.0725836,-22.68869,17.93726,-17.93726,15.676182946054926,-22.63432751599235,38.310510462047276,18.295982898329207,-22.217989113882066,721.8939664118801,2022.15,-291.473,15.6762,1826.97,0.0,True
PI152_3_sine.dat,23,23,down,PZT-PIC152-3,10/05/2026 15:16:03,sine,10.0,2300.0,1000.0,78.2,23.000000000000004,23.075340000000004,-23.07091,0.23150459999999998,-0.04177944,0.12770908133680745,0.0009834477579953895,0.28188996,-0.04924596,-22.42886,13.36198,-13.36198,8.853065991027103,-13.48904031749441,22.342106308521515,16.254166224186253,-18.757566125082533,1003.2554233220396,2315.05,-417.794,8.85307,1626.77,0.0,True
PI152_3_sine.dat,24,24,down,PZT-PIC152-3,10/05/2026 15:16:28,sine,10.0,2200.0,1000.0,78.2,22.000000000000004,22.058640000000004,-22.022170000000003,0.2064064,-0.05839718,0.11296191469718411,-0.004233530859853278,0.26559735,-0.05853155,-21.998060000000002,9.920029,-9.920029,6.4009707894677925,-7.775402503561925,14.176373293029718,13.315747441335201,-16.512943534112736,935.7167984970965,2064.06,-583.972,6.40097,1334.5,0.0,True
PI152_3_sine.dat,25,25,down,PZT-PIC152-3,10/05/2026 15:16:53,sine,10.0,2100.0,1000.0,78.2,21.0,21.051329999999997,-21.00155,0.187855,-0.05963231,0.09891598996407697,-0.0007343771013213741,0.24884329,-0.06005689,-20.83653,8.11686,-8.11686,4.60119605062171,-5.19023465349605,9.791430704117762,11.182943267265431,-13.51559637365916,892.3664205539509,1878.55,-596.323,4.6012,1118.74,0.0,True
PI152_3_sine.dat,26,26,down,PZT-PIC152-3,10/05/2026 15:17:18,sine,10.0,2000.0,1000.0,78.2,20.0,20.05907,-20.01281,0.16738789999999998,-0.062048769999999996,0.08535234104075985,2.440608532123167e-06,0.23158561000000003,-0.06325321,-19.78397,6.727835,-6.727835,3.426166806777878,-3.621415725633109,7.047582532410987,9.3428746071363,-11.111447290549787,834.4748784465082,1673.88,-620.488,3.42617,935.288,0.0,True
PI152_3_sine.dat,27,27,down,PZT-PIC152-3,10/05/2026 15:17:42,sine,10.0,1900.0,1000.0,78.2,19.0,19.04714,-18.99567,0.1472831,-0.0625915,0.07304082748556193,-0.000570834968220385,0.21164191000000002,-0.06345001,-18.87687,5.825084,-5.825084,2.7468578662213736,-2.658556887866017,5.40541475408739,7.852652748681324,-9.532348198893784,773.2557223814179,1472.83,-625.915,2.74686,785.358,0.0,True
PI152_3_sine.dat,28,28,down,PZT-PIC152-3,10/05/2026 15:18:07,sine,10.0,1800.0,1000.0,78.2,18.0,18.19009,-17.996320000000004,0.1312783,-0.05972782999999999,0.06265932429420343,-0.0003961214386576608,0.19278639000000003,-0.06061029,-17.840550000000004,5.077246,-5.077246,2.20775815040611,-2.0675607714570523,4.275318921863162,6.820246918867466,-8.182450243484348,721.7023115333677,1312.78,-597.278,2.20776,678.886,1.0,True
PI152_3_sine.dat,29,29,down,PZT-PIC152-3,10/05/2026 15:18:32,sine,10.0,1700.0,1000.0,78.2,17.0,17.142310000000002,-16.993610000000004,0.1175406,-0.0564347,0.0543068407826308,-0.00782475357472146,0.17602797,-0.05751747,-16.910850000000003,4.289297,-4.289297,1.7713766865297595,-1.934875598305975,3.7062522848357347,6.6835872908464795,-8.027809401198292,685.6753844726876,1175.41,-564.347,1.77138,671.602,1.0,True
PI152_3_sine.dat,30,30,down,PZT-PIC152-3,10/05/2026 15:18:56,sine,10.0,1600.0,1000.0,78.2,16.000000000000004,16.04924,-15.996920000000001,0.1046391,-0.05294885,0.04741456461457453,-0.0004137555384352218,0.15887413,-0.053543230000000004,-15.882310000000002,3.972099,-3.972099,1.5462352046102654,-1.349303890445861,2.8955390950561264,5.175643356807204,-6.335033778172731,651.9878822922456,1046.39,-529.489,1.54624,517.405,0.0,True
PI152_3_sine.dat,31,31,down,PZT-PIC152-3,10/05/2026 15:19:21,sine,10.0,1500.0,1000.0,78.2,15.000000000000002,15.04841,-14.99761,0.0920166,-0.04894157999999999,0.04014541036417765,-0.0013475366639875397,0.14179232,-0.049298959999999996,-14.87062,3.537327,-3.537327,1.284188444376421,-1.1090128734980027,2.393201317874424,4.532624087367999,-5.532522001054439,611.4705806128355,920.166,-489.416,1.28419,453.216,0.0,True
PI152_3_sine.dat,32,32,down,PZT-PIC152-3,10/05/2026 15:19:46,sine,10.0,1400.0,1000.0,78.2,14.000000000000002,14.04483,-13.99418,0.08281192,-0.0440247,0.034775031993146535,2.03905106070367e-05,0.12782236,-0.04462108,-13.808950000000001,3.128905,-3.128905,1.0614929573499965,-0.9143202730248353,1.9758132303748317,3.9465337069867257,-4.7936692265619865,589.6256487262573,828.119,-440.247,1.06149,395.055,0.0,True
PI152_3_sine.dat,33,33,down,PZT-PIC152-3,10/05/2026 15:20:10,sine,10.0,1300.0,1000.0,78.2,13.000000000000002,13.04405,-12.99136,0.07195929999999999,-0.04070102,0.029545669415650316,-8.592022657368165e-05,0.11381098,-0.04115675,-12.87617,2.760074,-2.760074,0.8795670771730836,-0.7390308171820309,1.6185978943551145,3.355091939649757,-4.1670961099891315,551.663785404073,719.593,-407.01,0.879567,336.006,0.0,True
PI152_3_sine.dat,34,34,down,PZT-PIC152-3,10/05/2026 15:20:35,sine,10.0,1200.0,1000.0,78.2,12.000000000000002,12.045260000000003,-11.990490000000001,0.06274703,-0.03590493,0.024706699874978512,-0.0008712027622545574,0.09946543,-0.03637388,-11.796430000000003,2.431806,-2.425423,0.7144294982124939,-0.6078693186095062,1.3222988168220002,2.894502980452832,-3.5452298244844367,520.9271530876044,627.47,-360.114,0.71443,290.113,0.0,True
PI152_3_sine.dat,35,35,down,PZT-PIC152-3,10/05/2026 15:21:00,sine,10.0,1100.0,1000.0,78.2,11.000000000000002,11.039370000000002,-10.982590000000002,0.05522999,-0.033051830000000004,0.021437378327197675,0.0005887125811293875,0.08906064,-0.033550439999999994,-10.81802,2.126536,-2.126536,0.5773209572842086,-0.49067950635339386,1.0680004636376026,2.436434337668809,-2.9894929773938608,500.3001982903009,552.3,-330.518,0.577321,243.85,0.0,True
PI152_3_sine.dat,36,36,down,PZT-PIC152-3,10/05/2026 15:21:24,sine,10.0,1000.0,1000.0,78.2,10.0,10.036970000000002,-9.985822,0.04815945,-0.0305587,0.01725422251651651,-0.0004396914438489823,0.07898490999999999,-0.03061845,-9.962209000000001,1.849832,-1.849832,0.4606576632089656,-0.3924177823267113,0.8530754455356769,2.020691129028735,-2.48005717598915,479.82060322985916,481.595,-305.587,0.460658,202.323,0.0,True
PI152_3_sine.dat,37,37,down,PZT-PIC152-3,10/05/2026 15:21:49,sine,10.0,900.0,1000.0,78.2,9.0,9.038237,-8.983048,0.04015946,-0.027216509999999996,0.013692705954079022,-0.00047696417048807897,0.06804994,-0.02739072,-8.948946,1.588745,-1.588745,0.3619022884525308,-0.3102478125911426,0.6721501010436735,1.6649702177225711,-2.0351798932466787,444.3284680408358,401.595,-272.165,0.361902,165.837,0.0,True
PI152_3_sine.dat,38,38,down,PZT-PIC152-3,10/05/2026 15:22:14,sine,10.0,800.0,1000.0,78.2,8.000000000000002,8.037763,-7.98305,0.03506133,-0.02293423,0.010919756827990975,0.00015963084065244665,0.058577550000000006,-0.02330499,-7.850395000000001,1.355735,-1.355735,0.2762147115250067,-0.24128442401825026,0.517499135543257,1.348780149776339,-1.628123569999809,436.20756173079496,350.613,-229.342,0.276215,134.691,0.0,True
PI152_3_sine.dat,39,39,down,PZT-PIC152-3,10/05/2026 15:22:39,sine,10.0,700.0,1000.0,78.2,7.000000000000001,7.032654000000001,-6.977212000000001,0.02855476,-0.02048396,0.008488202638983207,-0.000353275297557936,0.04923064,-0.020534379999999998,-6.969908000000001,1.138252,-1.138252,0.21347245082296823,-0.18146528505036677,0.394937735873335,1.0420601311486521,-1.3003394845387508,406.0310659389754,285.548,-204.84,0.213472,104.34,0.0,True
PI152_3_sine.dat,40,40,down,PZT-PIC152-3,10/05/2026 15:23:03,sine,10.0,600.0,1000.0,78.2,6.000000000000001,6.040431000000001,-5.9818940000000005,0.02369276,-0.01681531,0.007086735220410713,-0.0007647286863327848,0.0406079,-0.016841560000000002,-5.981732,0.9389438,-0.9389438,0.1558923943062531,-0.14269924886810362,0.2985916431743567,0.8405992893277816,-0.9817990673250581,392.2362493669739,236.928,-168.153,0.155892,84.9068,0.0,True
PI152_3_sine.dat,41,41,down,PZT-PIC152-3,10/05/2026 15:23:28,sine,10.0,500.0,1000.0,78.2,5.0,5.03241,-4.974192,0.01825231,-0.013443600000000002,0.005756921297658828,0.0009263528764400152,0.03169762,-0.013445310000000002,-4.952008000000001,0.753456,-0.753456,0.11225350960953923,-0.1045942498111948,0.21684775942073403,0.6378658949033567,-0.7335233250689973,362.695209651042,182.523,-134.436,0.112253,63.9094,0.0,True
