file,table,step,ramp,sample_name,timestamp,waveform,freq_Hz,amplitude_V,thickness_um,area_mm2,Eapp_kV_cm,Emax+_kV_cm,Emax-_kV_cm,Smax+_%,Smax-_%,E_at_Smax-_kV_cm,S_at_Vmax-_%,Sr_%,S_end_%,Spp_%,Smin_%,E_at_Smin_kV_cm,Ps+_uC_cm2,Ps-_uC_cm2,Pr+_uC_cm2,Pr-_uC_cm2,2Pr_uC_cm2,Ec+_kV_cm,Ec-_kV_cm,d33*_pm_V,instr_Dvmax+_nm,instr_Dvmax-_nm,instr_Pr+_uC_cm2,instr_Vc+_V,instr_status,is_last_at_amplitude
PNZT-N4-P4-2_PZM_SINE_10HZ_550to1_76KV.dat,1,1,up,PNZT-N4-P4-2_PZM_SINE_10Hz_551V,10/23/2025 10:20:35,sine,10.0,551.0,860.0,60.82,6.406976744186046,6.452236046511628,-6.385276744186046,0.04154972093023256,-0.02784733720930233,-6.348991860465117,-0.027732790697674422,0.012892469959841332,0.00044279836519687686,0.06953404651162791,-0.02784733720930233,-6.348991860465117,1.526804,-1.526804,0.3431128593620473,-0.2665247599662399,0.6096376193282872,1.0015674335199747,-1.3897411258926893,643.9584762664755,357.328,-238.502,0.343113,87.5025,0.0,True
PNZT-N4-P4-2_PZM_SINE_10HZ_550to1_76KV.dat,2,2,up,PNZT-N4-P4-2_PZM_SINE_10Hz_661V,10/23/2025 10:21:54,sine,10.0,661.0,860.0,60.82,7.686046511627907,7.726976744186047,-7.6643162790697685,0.052097174418604654,-0.03680120930232558,-7.596576744186047,-0.036504593023255816,0.01639067671399368,-0.0016615580896266508,0.0891354534883721,-0.03680120930232558,-7.596576744186047,1.983249,-1.983249,0.4961698106750827,-0.3726102366423257,0.8687800473174083,1.3095386599927752,-1.8702942320725502,674.2245530608559,448.036,-313.939,0.49617,112.869,0.0,True
PNZT-N4-P4-2_PZM_SINE_10HZ_550to1_76KV.dat,3,3,up,PNZT-N4-P4-2_PZM_SINE_10Hz_771V,10/23/2025 10:22:56,sine,10.0,771.0,860.0,60.82,8.965116279069768,9.012376744186048,-8.947732558139537,0.06441855813953487,-0.043050104651162796,-8.92657093023256,-0.04292541860465116,0.022990961786844063,0.00022140518912978357,0.10778520930232559,-0.043050104651162796,-8.92657093023256,2.495153,-2.495153,0.7080759197519032,-0.5079445672892431,1.2160204870411464,1.643930842423195,-2.4764190878528667,714.778797736033,554.0,-369.159,0.708076,141.185,1.0,True
PNZT-N4-P4-2_PZM_SINE_10HZ_550to1_76KV.dat,4,4,up,PNZT-N4-P4-2_PZM_SINE_10Hz_881V,10/23/2025 10:24:13,sine,10.0,881.0,860.0,60.82,10.244186046511627,10.286993023255816,-10.230511627906978,0.07945882558139535,-0.050976825581395345,-10.159332558139536,-0.0505148488372093,0.02981995585055451,-0.00015873108747299354,0.13077261627906975,-0.050976825581395345,-10.159332558139536,3.049366,-3.049366,0.9616667922457517,-0.6712749388729871,1.6329417311187386,2.0116851731801106,-3.142874637731166,772.4203312062398,683.346,-434.428,0.961667,172.254,0.0,True
PNZT-N4-P4-2_PZM_SINE_10HZ_550to1_76KV.dat,5,5,down,PNZT-N4-P4-2_PZM_SINE_10Hz_771V,10/23/2025 10:25:05,sine,10.0,771.0,860.0,60.82,8.965116279069768,9.011929069767442,-8.948167441860466,0.06508123255813955,-0.04364076744186047,-8.852976744186048,-0.04336276744186046,0.02330708712018055,-0.0005362971980409179,0.10895105813953487,-0.04364076744186047,-8.852976744186048,2.541216,-2.541216,0.7452440571053076,-0.5454953712504612,1.290739428355769,1.745133610900787,-2.5630578036096376,722.1676075599539,559.699,-372.92,0.745244,151.51,0.0,True
PNZT-N4-P4-2_PZM_SINE_10HZ_550to1_76KV.dat,6,6,up,PNZT-N4-P4-2_PZM_SINE_10Hz_991V,10/23/2025 10:26:26,sine,10.0,991.0,860.0,60.82,11.523255813953488,11.570691860465118,-11.509239534883722,0.09482074418604651,-0.05910745348837209,-11.431210465116282,-0.05855641860465116,0.03691097645790778,0.0001554224860293022,0.15422490697674418,-0.05910745348837209,-11.431210465116282,3.691652,-3.691652,1.2713905881977996,-0.8876101934173595,2.159000781615159,2.4102561450646887,-3.8454924131887553,819.4907040090765,815.458,-503.585,1.27139,206.759,0.0,True
PNZT-N4-P4-2_PZM_SINE_10HZ_550to1_76KV.dat,7,7,up,PNZT-N4-P4-2_PZM_SINE_10Hz_1101V,10/23/2025 10:27:52,sine,10.0,1101.0,860.0,60.82,12.80232558139535,12.845569767441862,-12.789860465116282,0.11149648837209304,-0.06683267441860465,-12.670872093023256,-0.06623008139534883,0.0455996584437096,0.00015742186234285005,0.17866987209302324,-0.06683267441860465,-12.670872093023256,4.427033,-4.427033,1.6732122414213353,-1.1290464454940443,2.80225868691538,2.780440180438777,-4.712935472500355,867.9762002826059,958.87,-569.579,1.67321,239.595,0.0,True
PNZT-N4-P4-2_PZM_SINE_10HZ_550to1_76KV.dat,8,8,up,PNZT-N4-P4-2_PZM_SINE_10Hz_1211V,10/23/2025 10:28:58,sine,10.0,1211.0,860.0,60.82,14.08139534883721,14.12779069767442,-14.066325581395349,0.12972290697674418,-0.07464597674418605,-13.923802325581395,-0.07389201162790698,0.05643998982883543,5.9408136069534706e-05,0.20483306976744184,-0.07464597674418605,-13.923802325581395,5.280273,-5.280273,2.1742467410901045,-1.4964085447076976,3.6706552857978023,3.269398249623949,-5.682239504120181,918.210849472012,1115.62,-635.471,2.17425,282.199,0.0,True
PNZT-N4-P4-2_PZM_SINE_10HZ_550to1_76KV.dat,9,9,up,PNZT-N4-P4-2_PZM_SINE_10Hz_1321V,10/23/2025 10:30:32,sine,10.0,1321.0,860.0,60.82,15.360465116279071,15.41853488372093,-15.360302325581399,0.15048372093023257,-0.0811307558139535,-15.15443023255814,-0.07944972093023256,0.0678957183519722,-0.0008613619030223842,0.23213703488372095,-0.0811307558139535,-15.15443023255814,6.332318,-6.332318,2.8645545960875998,-2.0621027780953898,4.926657374182989,3.9303570763423523,-6.872631210951774,975.9923498899694,1294.16,-683.268,2.86455,337.512,0.0,True
PNZT-N4-P4-2_PZM_SINE_10HZ_550to1_76KV.dat,10,10,up,PNZT-N4-P4-2_PZM_SINE_10Hz_1431V,10/23/2025 10:31:52,sine,10.0,1431.0,860.0,60.82,16.63953488372093,16.693616279069772,-16.643267441860466,0.1776545348837209,-0.08367483720930233,-16.325813953488375,-0.08210954651162791,0.085867398630862,-0.0003197449243661579,0.26207472093023254,-0.08367483720930233,-16.325813953488375,7.836727,-7.836727,3.962608576217888,-3.13117398924797,7.093782565465858,4.930349443679454,-8.504897964667345,1064.2064122826505,1527.83,-706.142,3.96261,424.353,0.0,True
PNZT-N4-P4-2_PZM_SINE_10HZ_550to1_76KV.dat,11,11,up,PNZT-N4-P4-2_PZM_SINE_10Hz_1541V,10/23/2025 10:33:40,sine,10.0,1541.0,860.0,60.82,17.918604651162795,17.984651162790698,-17.92639534883721,0.2103218604651163,-0.07582517441860465,-17.723523255813955,-0.07493352325581396,0.10968792625562325,-0.0008534317581504888,0.2871835465116279,-0.07582517441860465,-17.723523255813955,10.3365,-10.3365,5.989734244113346,-5.756748758825873,11.746483002939218,6.9341704942808855,-10.885550619909843,1169.4519874828666,1808.77,-644.428,5.98973,597.682,0.0,True
PNZT-N4-P4-2_PZM_SINE_10HZ_550to1_76KV.dat,12,12,up,PNZT-N4-P4-2_PZM_SINE_10Hz_1651V,10/23/2025 10:35:09,sine,10.0,1651.0,860.0,60.82,19.197674418604652,19.257302325581396,-19.212953488372094,0.24812813953488372,-0.047177825581395355,-18.282488372093027,-0.039463627906976745,0.1366775021808348,0.0005610748018891195,0.2967293372093024,-0.047177825581395355,-18.282488372093027,15.12669,-15.12669,11.26872019634202,-11.526211910522322,22.794932106864344,10.17979768647238,-14.832047041769961,1288.4885709317155,2133.9,-339.387,11.2687,873.731,1.0,False
PNZT-N4-P4-2_PZM_SINE_10HZ_550to1_76KV.dat,13,13,repeat,PNZT-N4-P4-2_PZM_SINE_10Hz_1651V,10/23/2025 10:37:21,sine,10.0,1651.0,860.0,60.82,19.197674418604652,19.24677906976744,-19.210697674418604,0.24375988372093024,-0.0455061976744186,-17.51343023255814,-0.018524476744186044,0.13167242951114783,-0.00033635608750603313,0.2903664302325581,-0.0455061976744186,-17.51343023255814,19.42775,-19.42775,14.55794287925873,-17.252400980894663,31.810343860153395,12.465381403372437,-15.478186491217302,1266.4970218514366,2096.34,-159.31,14.5579,1073.03,0.0,True
PNZT-N4-P4-2_PZM_SINE_10HZ_550to1_76KV.dat,14,14,up,PNZT-N4-P4-2_PZM_SINE_10Hz_1761V,10/23/2025 10:39:43,sine,10.0,1761.0,860.0,60.82,20.47674418604651,20.53661627906977,-20.49726744186047,0.20174941860465118,-0.12465965116279071,-17.113988372093026,0.05561458139534883,0.07012643012084603,-0.004335584861055554,0.3288568604651163,-0.12465965116279071,-17.113988372093026,29.0731,-29.0731,23.387390577072125,-26.303649406169015,49.69103998324114,15.255928870441046,-17.371988031348792,982.3888018508064,1735.05,478.285,23.3874,1291.92,0.0,True
PNZT-N4-P4-2_PZM_SINE_10HZ_550to1_76KV.dat,15,15,down,PNZT-N4-P4-2_PZM_SINE_10Hz_1651V,10/23/2025 10:41:21,sine,10.0,1651.0,860.0,60.82,19.197674418604652,21.781162790697675,-19.2526511627907,0.19002697674418606,-0.1004829418604651,-16.503104651162793,0.027113174418604655,0.07859448459007709,-0.0012118205940049856,0.29466061627906975,-0.1004829418604651,-16.503104651162793,25.30939,-25.30939,21.107640124723254,-24.6281104418937,45.73575056661696,14.636919358271884,-16.56613876365494,872.4372457532112,1634.23,233.173,21.1076,1258.26,0.0,True
PNZT-N4-P4-2_PZM_SINE_10HZ_550to1_76KV.dat,16,16,down,PNZT-N4-P4-2_PZM_SINE_10Hz_1541V,10/23/2025 10:42:31,sine,10.0,1541.0,860.0,60.82,17.918604651162795,17.981837209302327,-17.94197674418605,0.21115488372093022,-0.04395411627906977,-16.210488372093025,-0.010330022093023255,0.11307066215126237,-0.0010611020325559234,0.25758423255813956,-0.04395411627906977,-16.210488372093025,18.23912,-18.23912,14.028741779753013,-17.89665818654992,31.925399966302933,12.803629458936644,-14.574615012967358,1174.267574904393,1815.93,-88.8382,14.0287,1103.14,0.0,True
PNZT-N4-P4-2_PZM_SINE_10HZ_550to1_76KV.dat,17,17,down,PNZT-N4-P4-2_PZM_SINE_10Hz_1431V,10/23/2025 10:43:50,sine,10.0,1431.0,860.0,60.82,16.63953488372093,16.69677906976744,-16.648151162790697,0.1948941860465116,-0.03446794186046512,-16.200116279069768,-0.03229158139534884,0.10892163510997835,-0.002107312675807512,0.23130247674418605,-0.03446794186046512,-16.200116279069768,12.63239,-12.63239,8.876741722318593,-10.65380770184162,19.530549424160213,10.4994178342761,-12.01567586427621,1167.2561829568854,1676.09,-277.708,8.87674,904.334,0.0,True
PNZT-N4-P4-2_PZM_SINE_10HZ_550to1_76KV.dat,18,18,down,PNZT-N4-P4-2_PZM_SINE_10Hz_1761V,10/23/2025 10:45:09,sine,10.0,1321.0,860.0,60.82,15.360465116279071,15.422034883720933,-15.361093023255817,0.16441139534883722,-0.042656534883720926,-15.304441860465118,-0.04242824418604651,0.09043328395495599,-0.0016981417600550998,0.20899548837209303,-0.042656534883720926,-15.304441860465118,9.367309,-9.367309,6.048404070762088,-6.714141523970118,12.762545594732206,8.827061692940315,-9.873607002058451,1066.081075477175,1413.94,-364.883,6.0484,758.81,0.0,True
