table,Vc+ [V],Vc- [V],Pr+ [uC/cm2],Pr- [uC/cm2],Prrel+ [uC/cm2],Prrel- [uC/cm2],Psw [uC/cm2],Pnsw [uC/cm2],dPsw [uC/cm2],Wloss [uJ/cm2],Dpp [nm],Dpp1 [nm],Dpp2 [nm],Dpp3 [nm],Dpp4 [nm],VcShift [V],Rav [Ohm],Cls [F],Epsls [1],d33ls [nm/V],d33ls+ [nm/V],d33ls- [nm/V],Measurement Status [],Vmax+ [V],Vmax- [V],Pvmax+ [uC/cm2],Pvmax- [uC/cm2],Dvmax+ [nm/V],Dvmax- [nm/V],Ipk+ [A],Ipk- [A],Hysteresis Frequency [Hz],Hysteresis Amplitude [V],Current Range [],Averages [],Delay [s]
1.0,48.0693,-59.6894,0.093325,-0.0661471,0.0668496,-0.0422686,0.805739,0.696621,0.109118,120.071,338.195,186.636,338.195,149.853,-1.70656,-5.81004,133350000.0,1.19514e-09,1726.09,0.339401,0.279468,0.28813,1.0,502.836,-497.417,0.76347,-0.76347,184.94,-151.559,3.83317e-05,-3.86632e-05,10.0,500.0,6.0,5.0,1.0
2.0,64.4829,-80.5429,0.130004,-0.0946149,0.0989737,-0.0617678,1.01497,0.85423,0.160741,201.274,445.01,254.687,445.01,193.517,3.19474,-8.03,114579000.0,1.24199e-09,1793.76,0.367057,0.3249,0.315559,0.0,603.101,-597.843,0.953204,-0.953204,253.758,-189.09,4.80325e-05,-4.82952e-05,10.0,600.0,6.0,5.0,1.0
3.0,82.5287,-105.827,0.175096,-0.127307,0.139997,-0.0863396,1.23478,1.00844,0.226337,313.925,560.159,300.451,560.159,232.811,-26.8973,-11.649,100004000.0,1.28455e-09,1855.23,0.39874,0.356073,0.329418,0.0,702.973,-698.188,1.14844,-1.14844,298.039,-255.44,5.77529e-05,-5.86622e-05,10.0,700.0,5.0,5.0,1.0
4.0,100.47,-135.053,0.233636,-0.162637,0.180996,-0.111268,1.47613,1.18387,0.292263,465.806,626.995,363.413,626.995,263.716,0.133735,-17.2913,88039000.0,1.33128e-09,1922.71,0.391212,0.327163,0.314029,0.0,803.468,-798.45,1.36486,-1.36486,362.1,-262.548,6.90107e-05,-6.94524e-05,10.0,800.0,5.0,5.0,1.0
5.0,120.714,-166.498,0.298799,-0.204083,0.235838,-0.141079,1.73308,1.35616,0.376916,660.576,738.669,424.768,738.669,299.228,-14.6727,-22.892,78583900.0,1.37779e-09,1989.89,0.411327,0.3363,0.31967,0.0,903.876,-898.912,1.592,-1.592,424.389,-313.225,8.03803e-05,-8.1169e-05,10.0,900.0,5.0,5.0,1.0
6.0,142.755,-199.773,0.370995,-0.251128,0.303061,-0.175227,2.00114,1.52285,0.478288,903.844,839.285,497.279,839.285,348.736,6.73078,-28.5086,70905400.0,1.42454e-09,2057.4,0.417052,0.332532,0.337778,0.0,1003.61,-998.36,1.82591,-1.82591,495.853,-338.791,9.27834e-05,-9.37553e-05,10.0,1000.0,5.0,5.0,1.0
7.0,163.117,-237.521,0.454246,-0.299885,0.369675,-0.209562,2.28706,1.70782,0.579237,1200.22,963.952,575.038,963.952,391.853,2.93961,-37.2017,64614000.0,1.47143e-09,2125.12,0.435565,0.344419,0.349839,0.0,1104.17,-1099.09,2.07749,-2.07749,573.422,-386.791,0.000106243,-0.000107213,10.0,1100.0,5.0,5.0,1.0
8.0,184.044,-275.586,0.54634,-0.352434,0.446893,-0.24546,2.59051,1.89816,0.692352,1556.09,1083.92,661.08,1083.92,423.119,0.282509,-45.771,59312500.0,1.51901e-09,2193.84,0.450109,0.361859,0.341866,0.0,1204.69,-1199.11,2.34505,-2.34505,658.886,-421.297,0.000120659,-0.000121328,10.0,1200.0,5.0,5.0,1.0
9.0,207.436,-315.116,0.644666,-0.414463,0.533734,-0.287277,2.9028,2.08178,0.82101,1978.66,1204.69,716.042,1204.69,477.922,-10.7287,-53.8401,54747500.0,1.56742e-09,2263.76,0.462209,0.348812,0.356465,0.0,1304.73,-1299.51,2.61552,-2.61552,713.927,-483.06,0.000135871,-0.000135684,10.0,1300.0,5.0,5.0,1.0
10.0,229.312,-357.967,0.752931,-0.479508,0.635135,-0.329802,3.23832,2.27338,0.964937,2475.58,1334.6,806.587,1334.6,528.927,0.915108,-64.3274,50752200.0,1.61707e-09,2335.47,0.473901,0.358748,0.362789,0.0,1404.4,-1399.11,2.90851,-2.90851,803.693,-525.174,0.000152486,-0.000151044,10.0,1400.0,5.0,5.0,1.0
11.0,251.892,-404.289,0.877332,-0.547955,0.738728,-0.370634,3.58709,2.47773,1.10936,3060.85,1469.75,897.117,1469.75,578.799,6.16861,-76.1981,47121100.0,1.66863e-09,2409.93,0.486411,0.366868,0.370813,0.0,1505.1,-1499.43,3.21646,-3.21646,894.218,-568.097,0.000170888,-0.000167934,10.0,1500.0,5.0,5.0,1.0
12.0,271.147,-457.07,1.02577,-0.61641,0.861672,-0.409926,3.95938,2.68778,1.2716,3754.91,1597.54,976.267,1597.54,621.129,-0.144744,-92.9612,43705800.0,1.72241e-09,2487.6,0.497619,0.369614,0.370005,0.0,1605.3,-1599.83,3.54945,-3.54945,973.501,-618.75,0.000189533,-0.00018489,10.0,1600.0,5.0,5.0,1.0
13.0,296.655,-510.354,1.17568,-0.708612,1.00961,-0.458235,4.34684,2.87899,1.46785,4573.89,1773.6,1086.34,1773.6,672.929,-14.3284,-106.85,40508200.0,1.78014e-09,2570.98,0.518886,0.386242,0.377679,0.0,1704.8,-1699.14,3.8886,-3.8886,1083.05,-680.97,0.000211711,-0.000203811,10.0,1700.0,5.0,5.0,1.0
14.0,320.889,-574.055,1.36504,-0.804906,1.17698,-0.507114,4.7797,3.0956,1.68409,5568.58,1907.2,1186.52,1907.2,720.903,0.230313,-126.583,37289700.0,1.84288e-09,2661.59,0.527477,0.383403,0.383872,0.0,1805.1,-1800.2,4.27258,-4.27258,1184.03,-714.743,0.00023609,-0.000222378,10.0,1800.0,5.0,5.0,1.0
15.0,348.929,-644.233,1.58115,-0.930938,1.36608,-0.567313,5.25538,3.32199,1.93339,6797.65,2068.41,1297.98,2068.41,769.629,-0.802802,-147.652,34036100.0,1.91417e-09,2764.56,0.541846,0.393028,0.383014,0.0,1904.85,-1900.03,4.68807,-4.68807,1295.23,-763.373,0.000264768,-0.000243382,10.0,1900.0,5.0,5.0,1.0
16.0,384.795,-728.609,1.84864,-1.09782,1.61884,-0.648577,5.80406,3.53664,2.26742,8383.19,2233.47,1411.78,2233.47,820.9,-0.7943,-171.907,30582900.0,1.99817e-09,2885.87,0.555689,0.395243,0.3844,0.0,2004.74,-1999.85,5.15548,-5.15548,1406.89,-813.603,0.000300949,-0.000267709,10.0,2000.0,5.0,5.0,1.0
17.0,435.963,-830.209,2.1889,-1.35882,1.97894,-0.776077,6.49323,3.73821,2.75502,10571.5,2399.19,1560.29,2399.19,850.609,11.7076,-197.123,26739300.0,2.10489e-09,3040.01,0.56916,0.399393,0.380074,0.0,2105.53,-2100.32,5.71715,-5.71715,1558.09,-828.96,0.000348545,-0.00029524,10.0,2100.0,5.0,5.0,1.0
18.0,520.608,-971.865,2.68639,-1.8188,2.44434,-1.02522,7.46415,3.9946,3.46956,14011.3,2608.26,1732.71,2608.26,882.72,7.16958,-225.629,22143100.0,2.25419e-09,3255.64,0.589348,0.408675,0.371769,0.0,2205.82,-2200.79,6.43894,-6.43894,1728.96,-864.534,0.000422186,-0.000330775,10.0,2200.0,5.0,5.0,1.0
19.0,684.289,-1193.27,3.5446,-2.83652,3.33447,-1.6082,9.16232,4.21965,4.94267,20656.3,2819.51,1970.31,2819.51,867.289,18.0893,-254.493,16416500.0,2.49989e-09,3610.49,0.608392,0.420082,0.345556,0.0,2306.25,-2301.1,7.55412,-7.55412,1966.11,-841.725,0.000568135,-0.00040352,10.0,2300.0,5.0,5.0,1.0
20.0,1075.27,-1571.71,5.36953,-5.99861,5.27787,-3.72204,13.4649,4.46501,8.9999,38778.7,2990.56,2290.25,2990.56,725.356,25.0411,-248.22,9521900.0,3.02561e-09,4369.77,0.61654,0.428107,0.271761,0.0,2405.91,-2401.3,9.74287,-9.74287,2284.42,-698.311,0.00103623,-0.000662513,10.0,2400.0,4.0,5.0,1.0
21.0,1935.63,-2199.92,12.3744,-20.7167,13.2766,-13.5936,31.4998,4.62962,26.8702,134423.0,3184.76,2438.87,3184.76,699.661,-46.2314,-132.142,2981110.0,4.5063e-09,6508.26,0.503093,0.463103,0.0618933,0.0,2505.72,-2502.48,17.9062,-17.9062,2392.52,-447.758,0.00267873,-0.0020001,10.0,2500.0,4.0,5.0,1.0
22.0,1785.17,-2193.22,14.0053,-20.0471,13.677,-18.5701,35.1401,2.89296,32.2471,133759.0,3102.55,2496.23,3102.55,642.434,36.1203,-204.024,2760030.0,4.59333e-09,6633.95,0.508868,0.461379,0.0445763,0.0,2715.78,-2404.6,16.5699,-16.5699,2119.13,-308.545,0.00297125,-0.00214619,10.0,2400.0,4.0,5.0,1.0
23.0,1589.38,-1916.66,8.89187,-12.5939,8.30025,-10.9873,23.8946,4.607,19.2876,76775.6,2790.51,2307.8,2790.51,479.233,-3.47239,-163.643,4417880.0,3.80069e-09,5489.17,0.565801,0.425857,0.147063,0.0,2306.46,-2303.67,12.9073,-12.9073,2297.58,-432.745,0.00236894,-0.00128952,10.0,2300.0,4.0,5.0,1.0
24.0,1332.9,-1594.31,6.04111,-7.62177,5.41934,-6.45437,16.2573,4.3836,11.8737,45312.8,2641.96,2094.17,2641.96,542.619,-5.17487,-130.701,6847510.0,3.15365e-09,4554.68,0.579622,0.410894,0.224879,0.0,2205.11,-2201.16,9.80294,-9.80294,2083.14,-547.085,0.00114163,-0.000745916,10.0,2200.0,4.0,5.0,1.0
25.0,1091.74,-1310.22,4.36502,-4.83062,3.87131,-3.94897,11.8248,4.00452,7.82028,28627.4,2477.4,1870.69,2477.4,609.24,2.527,-109.24,9874870.0,2.72587e-09,3936.86,0.571693,0.402253,0.26824,0.0,2106.16,-2100.99,7.87583,-7.87583,1860.71,-600.095,0.0006682,-0.00048226,10.0,2100.0,4.0,5.0,1.0
26.0,909.375,-1097.7,3.35396,-3.35136,3.01602,-2.65147,9.28372,3.61624,5.66749,19724.1,2281.57,1654.65,2281.57,632.895,5.97855,-94.1602,12999700.0,2.44706e-09,3534.19,0.55474,0.387905,0.294844,0.0,2005.1,-2000.27,6.63226,-6.63226,1647.68,-618.043,0.000467535,-0.000369111,10.0,2000.0,5.0,5.0,1.0
27.0,774.486,-943.192,2.69698,-2.50367,2.3541,-1.9537,7.70322,3.39542,4.3078,14489.1,2110.97,1483.85,2110.97,622.918,-4.2026,-84.3531,15969300.0,2.25495e-09,3256.73,0.54005,0.38215,0.309496,0.0,1904.6,-1899.71,5.74952,-5.74952,1474.49,-616.896,0.000362822,-0.000311321,10.0,1900.0,5.0,5.0,1.0
28.0,671.656,-823.201,2.22262,-1.95222,1.87706,-1.52203,6.56803,3.16893,3.39909,11009.4,1919.3,1315.77,1919.3,606.036,2.50292,-75.7724,18861100.0,2.10433e-09,3039.19,0.519201,0.365356,0.319431,0.0,1805.3,-1799.88,5.04599,-5.04599,1306.68,-594.643,0.000298177,-0.000272531,10.0,1800.0,5.0,5.0,1.0
29.0,589.315,-717.753,1.83689,-1.57763,1.5907,-1.23838,5.71925,2.89017,2.82908,8505.08,1748.92,1182.97,1748.92,562.869,-3.08229,-64.2188,21783200.0,1.986e-09,2868.3,0.50261,0.362593,0.315393,0.0,1705.07,-1700.13,4.48088,-4.48088,1178.0,-558.75,0.000254495,-0.000238789,10.0,1700.0,5.0,5.0,1.0
30.0,519.005,-627.376,1.5276,-1.29064,1.32193,-1.00501,4.98428,2.65733,2.32695,6607.79,1587.4,1046.28,1587.4,536.133,-4.98033,-54.1854,24836400.0,1.88508e-09,2722.54,0.484314,0.348569,0.319808,0.0,1605.11,-1599.91,3.97926,-3.97926,1040.04,-531.983,0.000218126,-0.000213231,10.0,1600.0,5.0,5.0,1.0
31.0,456.723,-546.771,1.26591,-1.06209,1.098,-0.822256,4.35666,2.43641,1.92025,5127.56,1419.55,934.101,1419.55,492.272,6.82072,-45.0241,28129400.0,1.79088e-09,2586.5,0.462943,0.338001,0.313511,0.0,1504.42,-1499.27,3.53441,-3.53441,929.296,-479.653,0.000187452,-0.000187492,10.0,1500.0,5.0,5.0,1.0
32.0,391.85,-480.411,1.06527,-0.855334,0.882285,-0.663544,3.80158,2.25575,1.54583,3948.51,1277.64,824.846,1277.64,456.78,3.98855,-44.2806,31818100.0,1.7075e-09,2466.07,0.445703,0.325073,0.313432,0.0,1404.54,-1399.48,3.13804,-3.13804,819.784,-447.082,0.000164086,-0.000164949,10.0,1400.0,5.0,5.0,1.0
33.0,342.584,-412.876,0.872968,-0.706096,0.729504,-0.546495,3.30837,2.03237,1.276,3023.14,1140.11,724.506,1140.11,412.273,-3.32666,-35.1458,35838400.0,1.6279e-09,2351.11,0.431549,0.317865,0.306657,0.0,1305.12,-1299.16,2.76188,-2.76188,720.672,-410.581,0.000144256,-0.000144654,10.0,1300.0,5.0,5.0,1.0
34.0,287.401,-355.507,0.714635,-0.563386,0.572219,-0.426549,2.86251,1.86375,0.998768,2267.62,1013.28,639.556,1013.28,378.836,5.11038,-34.0529,40704800.0,1.55816e-09,2250.38,0.41429,0.316028,0.307359,0.0,1204.38,-1199.06,2.43597,-2.43597,636.577,-369.002,0.000125402,-0.000127009,10.0,1200.0,5.0,5.0,1.0
35.0,242.796,-298.044,0.573986,-0.453538,0.469286,-0.343288,2.47941,1.66683,0.812574,1669.19,890.843,559.179,890.843,332.177,0.513904,-27.6244,46460000.0,1.49511e-09,2159.33,0.399526,0.30811,0.293786,0.0,1104.6,-1099.4,2.13612,-2.13612,555.924,-330.209,0.000107482,-0.00011005,10.0,1100.0,5.0,5.0,1.0
36.0,200.08,-248.865,0.462234,-0.35496,0.356506,-0.263202,2.12091,1.5012,0.619709,1206.73,777.616,482.194,777.616,303.612,8.19076,-24.3922,53116500.0,1.43413e-09,2071.26,0.382482,0.294765,0.300172,0.0,1004.56,-998.779,1.85771,-1.85771,479.92,-293.865,9.39395e-05,-9.4812e-05,10.0,1000.0,5.0,5.0,1.0
37.0,162.203,-202.265,0.359737,-0.274149,0.27445,-0.202311,1.80599,1.32922,0.476762,846.12,677.42,406.82,677.42,269.754,-0.846398,-20.0308,61341900.0,1.37767e-09,1989.71,0.370402,0.284731,0.294393,0.0,903.986,-898.803,1.60367,-1.60367,404.643,-268.858,8.06281e-05,-8.19946e-05,10.0,900.0,5.0,5.0,1.0
38.0,130.257,-159.863,0.274701,-0.210968,0.209386,-0.151076,1.51696,1.1565,0.360462,576.016,575.983,347.45,575.983,222.835,-5.69806,-14.8029,71185300.0,1.32436e-09,1912.72,0.355997,0.289182,0.265418,0.0,804.004,-798.17,1.36589,-1.36589,345.439,-227.174,6.83648e-05,-6.87948e-05,10.0,800.0,5.0,5.0,1.0
39.0,103.711,-123.164,0.203232,-0.160088,0.155346,-0.111964,1.25663,0.989316,0.26731,378.812,474.111,281.458,474.111,192.269,-0.383855,-9.72681,82857700.0,1.27351e-09,1839.28,0.336828,0.275389,0.257706,0.0,703.541,-698.078,1.14466,-1.14466,280.808,-190.473,5.75618e-05,-5.78122e-05,10.0,700.0,5.0,5.0,1.0
40.0,79.5303,-93.2985,0.148416,-0.116946,0.111209,-0.0781042,1.02361,0.834297,0.189313,238.422,396.196,236.833,396.196,164.253,4.88921,-6.8841,96708400.0,1.22949e-09,1775.7,0.326798,0.277293,0.26273,0.0,603.476,-597.992,0.945506,-0.945506,235.348,-158.308,4.72817e-05,-4.79184e-05,10.0,600.0,6.0,5.0,1.0
41.0,59.4188,-68.6464,0.105137,-0.0821065,0.0730581,-0.0513505,0.808512,0.684103,0.124409,141.035,312.086,181.301,312.086,134.488,3.7027,-4.61382,113506000.0,1.18171e-09,1706.7,0.309399,0.26493,0.260294,0.0,503.256,-496.985,0.757161,-0.757161,181.208,-129.713,3.78706e-05,-3.85668e-05,10.0,500.0,6.0,5.0,1.0
